id,name,email,gender,ip_address,number
1,Amil Karpf,akarpf0@histats.com,Female,130.202.141.253,2015471219
2,Davidde Southern,dsouthern1@mediafire.com,Male,187.49.83.8,7334500288
3,Ronda Masterman,rmasterman2@marketwatch.com,Female,37.152.219.147,5729035209
4,Concordia Thunderchief,cthunderchief3@unc.edu,Female,139.133.54.133,1314515128
5,Marijo Plait,mplait4@sakura.ne.jp,Female,59.227.21.156,1220520667
6,Amalee Marjoribanks,amarjoribanks5@uol.com.br,Genderfluid,37.135.184.204,1106972791
7,Hewie Lowcock,hlowcock6@freewebs.com,Male,92.208.1.32,4852997314
8,Jeanine Galsworthy,jgalsworthy7@trellian.com,Female,229.140.240.101,1725335131
9,Janina Zorzini,jzorzini8@parallels.com,Female,129.252.197.133,4632390194
10,Onofredo Wetheril,owetheril9@shareasale.com,Male,28.84.39.110,1337209244
11,Tobin Batsford,tbatsforda@guardian.co.uk,Male,164.176.151.12,4337076174
12,Hieronymus Pelling,hpellingb@businesswire.com,Male,115.242.102.229,2695984219
13,Wilek Noe,wnoec@themeforest.net,Male,216.128.14.21,4459277190
14,Verna Wortman,vwortmand@google.ru,Female,251.27.139.28,8677107738
15,Lindsey Gibbieson,lgibbiesone@artisteer.com,Male,48.1.178.91,5238099118
16,Ashbey Klambt,aklambtf@scientificamerican.com,Male,23.183.52.103,5902765439
17,Willi Markey,wmarkeyg@sphinn.com,Male,241.2.100.72,7573578490
18,Corissa MacKniely,cmacknielyh@facebook.com,Female,191.153.48.175,6889496884
19,Tabatha Paskell,tpaskelli@foxnews.com,Female,165.205.55.231,9683914500
20,Paxon Bonnick,pbonnickj@a8.net,Male,49.160.36.216,2738714595
21,Priscilla Cervantes,pcervantesk@vimeo.com,Agender,246.189.182.199,4141640808
22,Emilia Eallis,eeallisl@myspace.com,Polygender,229.153.133.217,0626405785
23,Ellswerth Dudgeon,edudgeonm@nationalgeographic.com,Male,182.5.217.246,8878718572
24,Michele Hayhow,mhayhown@about.com,Agender,225.59.184.51,5486640129
25,Pierson Matyukon,pmatyukono@nba.com,Male,142.64.190.212,3304304703
26,Darnall Shimmin,dshimminp@netvibes.com,Male,12.235.90.183,0161930611
27,Arlene Nann,anannq@gizmodo.com,Female,187.51.49.58,7588456094
28,Eb Sheeres,esheeresr@webs.com,Male,224.138.125.32,8362591293
29,Harlen Kenyon,hkenyons@disqus.com,Male,31.240.53.63,2150168677
30,Homere Pennicard,hpennicardt@fda.gov,Male,75.65.136.74,3806368244
31,Tom Attarge,tattargeu@com.com,Male,119.168.8.2,1536281336
32,Augie Landis,alandisv@w3.org,Male,97.213.255.6,7957547389
33,Freemon Brissenden,fbrissendenw@ezinearticles.com,Male,130.97.51.38,1465256504
34,Heriberto Lovegrove,hlovegrovex@sitemeter.com,Male,133.150.163.50,2425956905
35,Daryle McKevitt,dmckevitty@rambler.ru,Male,110.13.58.58,1924211769
36,Iorgos Sciacovelli,isciacovelliz@sun.com,Agender,155.111.213.177,9166977436
37,Horst Thackeray,hthackeray10@shareasale.com,Male,240.208.230.208,2573671011
38,Giordano Bruce,gbruce11@rambler.ru,Male,224.205.189.25,6768174126
39,Alf Allatt,aallatt12@nba.com,Male,48.60.176.137,4902579766
40,Osgood Anan,oanan13@bigcartel.com,Agender,139.188.99.50,6839770087
41,Archibaldo Brimfield,abrimfield14@lycos.com,Male,17.244.107.169,3802749812
42,Dewie Plumridege,dplumridege15@about.me,Male,129.189.225.134,8347506353
43,Bartholemy Huckett,bhuckett16@fastcompany.com,Male,138.75.147.172,3622958855
44,Augustin MacAvddy,amacavddy17@nba.com,Male,103.131.63.71,9856491401
45,Parker Von Gladbach,pvon18@ft.com,Agender,17.173.216.134,5491146641
46,Roseanna Byers,rbyers19@example.com,Female,2.13.112.158,1771209879
47,Bettina Traviss,btraviss1a@shareasale.com,Female,142.231.252.171,3261222441
48,Franz Comford,fcomford1b@reverbnation.com,Male,67.151.137.238,4907051255
49,Elbertina Grier,egrier1c@google.com.au,Female,234.200.10.127,6858749071
50,Broderick Amys,bamys1d@illinois.edu,Male,85.102.65.112,1712720244
51,Cyrill Goodread,cgoodread1e@oakley.com,Male,208.153.60.109,5521248455
52,Spencer Gilstoun,sgilstoun1f@prnewswire.com,Male,206.84.106.149,8296354136
53,Brunhilda Enrico,benrico1g@ezinearticles.com,Female,42.233.141.85,4239083745
54,Pansie Ferrucci,pferrucci1h@nsw.gov.au,Female,109.214.127.5,3797121512
55,Nolana Oxnam,noxnam1i@phpbb.com,Female,252.217.28.96,7799401699
56,Saxon Axelby,saxelby1j@list-manage.com,Male,159.113.87.172,1526939215
57,Dasie Brenstuhl,dbrenstuhl1k@google.co.jp,Female,216.67.251.186,3605449867
58,Roseanne Cregg,rcregg1l@buzzfeed.com,Female,17.89.96.17,2884253025
59,Juieta Adlam,jadlam1m@soundcloud.com,Agender,229.96.5.4,5390780337
60,Ceciley Furnell,cfurnell1n@skype.com,Female,187.97.196.3,9363611167
61,Heindrick MacDearmont,hmacdearmont1o@so-net.ne.jp,Male,213.21.48.78,0662388437
62,Erena Ropp,eropp1p@ibm.com,Female,248.24.135.211,4970369399
63,Christian Gullberg,cgullberg1q@myspace.com,Male,228.109.45.242,6496362084
64,Shelia McCaffrey,smccaffrey1r@blog.com,Female,115.236.86.219,2978073683
65,Raynard Denslow,rdenslow1s@forbes.com,Male,144.30.14.170,0934143862
66,Gard McCerery,gmccerery1t@nyu.edu,Bigender,182.87.213.99,0530107872
67,Natassia d' Elboux,nd1u@arstechnica.com,Female,10.183.114.244,9529062230
68,Marti Ickovici,mickovici1v@netlog.com,Female,116.230.158.132,4186808554
69,Blondy Woolam,bwoolam1w@harvard.edu,Female,78.45.11.67,1851144382
70,Valeria Gaither,vgaither1x@last.fm,Female,119.120.3.178,1597470260
71,Jesselyn Edlestone,jedlestone1y@wikipedia.org,Female,103.248.97.20,0979704219
72,Freddy Berrington,fberrington1z@craigslist.org,Male,216.107.48.37,9124505854
73,Josselyn Vann,jvann20@ted.com,Female,114.171.104.8,7161540607
74,Shamus Powlett,spowlett21@delicious.com,Male,13.235.194.96,0925001813
75,Perice Durnford,pdurnford22@pcworld.com,Male,60.211.162.169,5661616775
76,Jim Cauldwell,jcauldwell23@pcworld.com,Male,45.17.18.51,9154768896
77,Penn Rosenberger,prosenberger24@google.com,Male,37.134.72.222,1301543500
78,Carey Drakeford,cdrakeford25@naver.com,Male,50.65.7.56,8831981293
79,Addi Haack,ahaack26@fema.gov,Female,163.227.199.137,6247617550
80,Janene Clery,jclery27@pagesperso-orange.fr,Non-binary,11.113.142.197,9789812485
81,Jerri Newall,jnewall28@blog.com,Male,231.65.92.171,4498165772
82,Page Birbeck,pbirbeck29@buzzfeed.com,Female,169.255.17.39,6560612929
83,Ennis Jessope,ejessope2a@google.co.uk,Male,111.29.51.191,4581705134
84,Bernice Larsen,blarsen2b@kickstarter.com,Female,160.13.156.186,8358967918
85,Raul Elcott,relcott2c@weebly.com,Non-binary,255.131.147.12,0548175179
86,Dennison Gidley,dgidley2d@ft.com,Non-binary,201.70.207.133,0086818333
87,Eartha Eloy,eeloy2e@telegraph.co.uk,Polygender,67.255.119.209,3534348745
88,Teador Franzelini,tfranzelini2f@google.cn,Male,65.127.244.96,9711794217
89,Carree Griswood,cgriswood2g@bigcartel.com,Female,196.180.228.40,1128957922
90,Gaynor Hlavecek,ghlavecek2h@is.gd,Agender,118.73.34.177,0956821316
91,Jasen Giovanitti,jgiovanitti2i@phpbb.com,Male,17.50.134.233,9836167978
92,Linc Dunlop,ldunlop2j@adobe.com,Male,216.65.12.100,0000612030
93,Marcella Goldston,mgoldston2k@theglobeandmail.com,Agender,75.110.39.99,1482591723
94,Tremaine Raven,traven2l@wired.com,Male,34.198.75.227,4191814281
95,Skip Smythin,ssmythin2m@github.io,Male,194.69.50.81,3307231138
96,Bradly Cheng,bcheng2n@upenn.edu,Non-binary,205.231.63.145,6372918889
97,Kailey Chicco,kchicco2o@altervista.org,Female,66.110.96.153,7987695599
98,Alina Tuckey,atuckey2p@bbc.co.uk,Female,214.77.111.32,1272625206
99,Hendrick Crudginton,hcrudginton2q@microsoft.com,Male,11.170.232.67,2972092201
100,Morris Juschke,mjuschke2r@businessinsider.com,Male,131.215.138.112,9380385048
101,Karney Dymoke,kdymoke2s@harvard.edu,Male,156.178.137.42,2761677234
102,Leonerd Donett,ldonett2t@dell.com,Male,239.214.60.27,9552440084
103,Orelie Le Provest,ole2u@jigsy.com,Female,197.61.98.219,0829644903
104,Bryanty Kamenar,bkamenar2v@nba.com,Male,213.22.222.91,3042479544
105,Silvanus Sharland,ssharland2w@ucsd.edu,Male,12.183.148.226,4449842359
106,Moises Semechik,msemechik2x@joomla.org,Male,75.174.95.86,4141301140
107,Taite Heath,theath2y@hud.gov,Male,34.156.90.225,7437493691
108,Adolf Oxbrow,aoxbrow2z@wiley.com,Male,202.21.40.61,0773575685
109,Derk Sugar,dsugar30@newyorker.com,Male,229.86.32.207,3974296387
110,Aeriell Bartles,abartles31@amazon.co.uk,Female,124.103.138.197,2903488509
111,Tobie Pryde,tpryde32@multiply.com,Male,130.236.120.15,6479455169
112,Larry Cadore,lcadore33@comcast.net,Male,128.150.63.12,2300425513
113,Janice Rizzo,jrizzo34@dmoz.org,Female,51.74.62.226,1220717657
114,Othilie Fluit,ofluit35@mit.edu,Female,253.28.164.255,0791001237
115,Stormy O' Dornan,so36@istockphoto.com,Female,57.156.42.195,4479764771
116,Alexandros Quilligan,aquilligan37@is.gd,Male,188.200.97.242,4004761301
117,Bronson Lebreton,blebreton38@unc.edu,Male,239.143.189.205,9127282848
118,Karrie Chaman,kchaman39@alibaba.com,Female,152.74.223.89,3723136559
119,Levy Simonnet,lsimonnet3a@dot.gov,Male,44.137.86.33,1149752157
120,Laughton Tyreman,ltyreman3b@wp.com,Male,138.193.13.132,3924915156
121,Susie Remirez,sremirez3c@ebay.com,Female,48.85.176.63,6028596248
122,Miranda Kobpac,mkobpac3d@wunderground.com,Female,223.71.97.200,1212927257
123,Belle Peaurt,bpeaurt3e@tripod.com,Female,117.170.125.32,2917712910
124,Sherie Crampin,scrampin3f@google.pl,Bigender,8.64.53.157,3507308487
125,Susana Ridde,sridde3g@statcounter.com,Female,144.14.188.251,4669317377
126,Minor McCarthy,mmccarthy3h@hp.com,Male,146.102.221.48,4589579294
127,Teena Durman,tdurman3i@devhub.com,Female,154.9.55.137,3226225669
128,Jeth Hulke,jhulke3j@engadget.com,Male,31.4.64.66,5492281852
129,Crista Landa,clanda3k@themeforest.net,Agender,173.56.96.5,2533717894
130,Garrett Biles,gbiles3l@delicious.com,Male,76.236.64.76,8756665954
131,Bartholemy Beentjes,bbeentjes3m@admin.ch,Male,215.192.49.188,3554979414
132,Maye Wrist,mwrist3n@de.vu,Female,143.181.181.75,5468891425
133,Grace de Quincey,gde3o@1688.com,Female,28.221.247.134,0653804849
134,Waylan Stobie,wstobie3p@washingtonpost.com,Male,216.60.113.184,8336779876
135,Adriena Conen,aconen3q@yale.edu,Female,100.218.13.188,3952796743
136,Lorin Cluelow,lcluelow3r@stanford.edu,Male,62.22.20.244,5347207787
137,Betti Nutting,bnutting3s@seesaa.net,Female,188.87.113.14,8916168570
138,Tiff Yarnton,tyarnton3t@creativecommons.org,Female,55.117.47.91,7590318744
139,Dorice Penquet,dpenquet3u@chicagotribune.com,Female,122.1.228.206,3941533444
140,Killian Gofford,kgofford3v@virginia.edu,Male,135.243.238.101,0560918569
141,Merrili Dutchburn,mdutchburn3w@sitemeter.com,Female,68.212.101.220,7447082309
142,Agosto Davydoch,adavydoch3x@businessweek.com,Male,98.9.133.185,2041375590
143,Tedd Musicka,tmusicka3y@slashdot.org,Male,116.252.9.186,0015276309
144,Thekla Dundridge,tdundridge3z@symantec.com,Female,223.58.84.232,4870190494
145,Delilah Petchey,dpetchey40@prweb.com,Female,224.110.255.21,7390866896
146,Wat Sneddon,wsneddon41@businessweek.com,Male,96.201.223.135,6525013879
147,Dill Pettegre,dpettegre42@boston.com,Male,117.95.27.187,6814212447
148,Isabeau Winton,iwinton43@illinois.edu,Female,242.90.59.170,3442502683
149,Roanna Olczyk,rolczyk44@soup.io,Female,43.176.55.236,1654480231
150,Mallorie Salzberg,msalzberg45@latimes.com,Female,119.18.202.109,9930302883
151,Clyde Romero,cromero46@shop-pro.jp,Male,160.192.137.10,1359532773
152,Alexandro Collet,acollet47@paginegialle.it,Male,28.44.113.111,2721827170
153,Roy Cullinane,rcullinane48@list-manage.com,Male,189.92.124.15,3596250463
154,Babita Greenhall,bgreenhall49@google.it,Female,245.101.135.238,1765267765
155,Queenie Gregolotti,qgregolotti4a@economist.com,Female,74.252.94.251,1116120208
156,Hewett Toffolini,htoffolini4b@tamu.edu,Male,46.147.227.231,1244128473
157,Olimpia McCarrell,omccarrell4c@nih.gov,Female,3.189.131.80,5835899289
158,Niki Izhakov,nizhakov4d@wikimedia.org,Male,148.216.82.162,9685921466
159,Brena McGrory,bmcgrory4e@cisco.com,Genderfluid,119.106.120.147,5352974138
160,Butch Charopen,bcharopen4f@sun.com,Male,199.5.131.233,5656174107
161,Ebenezer Leve,eleve4g@so-net.ne.jp,Male,198.213.216.161,7197522188
162,Saraann Hassekl,shassekl4h@canalblog.com,Female,65.178.85.39,1692751077
163,Estrella Cejka,ecejka4i@npr.org,Female,89.199.160.20,4101515573
164,Quillan Hinstridge,qhinstridge4j@usnews.com,Male,188.128.3.149,8243714405
165,Olympia Kopec,okopec4k@spotify.com,Female,104.41.183.190,4056725519
166,Nathalie Sothern,nsothern4l@ucoz.ru,Female,106.53.204.8,1932472584
167,Mattie Greenough,mgreenough4m@nydailynews.com,Female,174.246.115.227,8489491623
168,Mavis Conti,mconti4n@washington.edu,Female,50.146.236.139,2178219284
169,Avrom Painten,apainten4o@symantec.com,Male,131.69.54.160,4571708432
170,Aylmar Barnewille,abarnewille4p@moonfruit.com,Male,79.23.196.113,5545613676
171,Hewie Easterby,heasterby4q@si.edu,Male,239.100.88.107,0032434421
172,Emera Lankford,elankford4r@netvibes.com,Female,204.213.95.211,9139685004
173,Ulick Algore,ualgore4s@slideshare.net,Male,35.57.36.126,9580060304
174,Helaina Goodings,hgoodings4t@youtu.be,Female,139.132.143.83,0512017042
175,Sharity Akers,sakers4u@gizmodo.com,Female,52.76.201.125,5241600671
176,Ambrosius Sheavills,asheavills4v@squidoo.com,Male,98.107.119.53,0033009023
177,Ernesta Pruce,epruce4w@creativecommons.org,Female,99.158.195.95,3217335058
178,Nilson Merrien,nmerrien4x@wufoo.com,Male,253.248.127.97,6636918187
179,Mace Menichino,mmenichino4y@opera.com,Male,205.160.65.123,8788623718
180,Cob Littledyke,clittledyke4z@state.tx.us,Male,14.52.190.227,0775128929
181,Frederik Tabart,ftabart50@bigcartel.com,Polygender,67.81.95.186,9484378455
182,Daniel Tappington,dtappington51@biblegateway.com,Male,113.8.144.217,2876798727
183,Valeda Zellick,vzellick52@bbb.org,Non-binary,170.105.52.58,1780451733
184,Gabby Bonwick,gbonwick53@icio.us,Male,64.25.181.207,7739307165
185,Phillip Schellig,pschellig54@moonfruit.com,Non-binary,73.53.236.104,6722324486
186,Tamarah Shimmings,tshimmings55@tamu.edu,Female,203.213.101.209,8935364908
187,Shirlee Pipworth,spipworth56@chicagotribune.com,Female,3.92.33.225,0816679207
188,Osgood Adamczewski,oadamczewski57@sina.com.cn,Male,143.198.83.192,7565759686
189,Tremayne Smedmoor,tsmedmoor58@bloglines.com,Male,93.184.41.222,8401108489
190,Giavani Larter,glarter59@craigslist.org,Male,115.138.166.152,7947067252
191,Early Farrent,efarrent5a@csmonitor.com,Male,43.12.123.21,7621929219
192,Freemon Moreinis,fmoreinis5b@hud.gov,Male,85.223.28.43,4261780488
193,Sarette Blackmuir,sblackmuir5c@arstechnica.com,Female,12.22.159.70,7790856588
194,Rana Rugge,rrugge5d@hatena.ne.jp,Female,204.51.34.214,0949044865
195,Revkah Handmore,rhandmore5e@vk.com,Non-binary,19.7.157.184,4514286567
196,Gene Adderley,gadderley5f@sun.com,Male,133.97.247.27,0441997333
197,Ralph Dermot,rdermot5g@adobe.com,Male,124.45.34.79,6509259168
198,Allene Dincey,adincey5h@msn.com,Female,21.135.202.180,6333121711
199,Joellyn Ailsbury,jailsbury5i@blinklist.com,Female,209.20.159.16,1484983106
200,Court Babonau,cbabonau5j@ask.com,Male,68.55.118.151,5210483630
201,Audrey Bogges,abogges5k@jugem.jp,Female,27.239.249.249,5564315057
202,Pincas Bullene,pbullene5l@illinois.edu,Male,178.119.198.82,4039321596
203,Donnamarie Dugdale,ddugdale5m@pinterest.com,Female,253.111.65.211,5320296150
204,Lilyan Matyugin,lmatyugin5n@europa.eu,Female,49.92.223.195,9782280658
205,Gerard Maryet,gmaryet5o@zimbio.com,Male,25.111.110.147,8708421463
206,Bevin Pourvoieur,bpourvoieur5p@g.co,Male,56.40.120.228,8677718796
207,Cindee Bates,cbates5q@slideshare.net,Female,192.230.194.125,5619527050
208,Therine Machent,tmachent5r@reference.com,Female,232.110.172.247,5045701177
209,Antonino Josephson,ajosephson5s@fda.gov,Male,25.198.253.226,4029062504
210,Nahum Wraggs,nwraggs5t@ebay.com,Male,161.9.144.147,8508770944
211,Dedie Bohlin,dbohlin5u@arstechnica.com,Female,212.134.0.143,5168658547
212,Eba Broxton,ebroxton5v@sphinn.com,Female,18.121.242.140,8696261844
213,Abdul Sighart,asighart5w@odnoklassniki.ru,Male,169.226.226.27,4812194822
214,Elianora Girodias,egirodias5x@yandex.ru,Female,25.245.32.165,2411901283
215,Constantine MacUchadair,cmacuchadair5y@livejournal.com,Female,149.125.141.188,1156172632
216,Idalina Spensley,ispensley5z@hud.gov,Female,74.239.221.178,4516292629
217,Maia Gedling,mgedling60@vkontakte.ru,Female,100.208.128.59,5432406683
218,Leontyne Jopson,ljopson61@discuz.net,Female,171.32.39.170,0463353048
219,Eddy Deppe,edeppe62@meetup.com,Male,65.32.68.35,4848017211
220,Geri Kindall,gkindall63@fema.gov,Female,37.83.97.4,9374058359
221,Claudell Najafian,cnajafian64@tumblr.com,Male,47.139.217.170,5067162511
222,Trueman Lowthian,tlowthian65@imdb.com,Male,191.45.215.109,9530664559
223,Blanche Prestland,bprestland66@rediff.com,Female,169.106.112.234,2429704978
224,Sigfried Bingham,sbingham67@networkadvertising.org,Male,128.37.171.210,9383821019
225,Bat Pearton,bpearton68@dell.com,Male,121.227.57.82,5866461862
226,Jarrod Suffe,jsuffe69@msu.edu,Male,80.145.51.209,1643817531
227,Umberto Mardle,umardle6a@list-manage.com,Male,31.215.164.151,4121618270
228,Lock Terney,lterney6b@samsung.com,Male,151.147.185.93,1569008043
229,Jacinta Sparks,jsparks6c@jalbum.net,Female,18.26.11.145,5523162566
230,Mariam Madgewick,mmadgewick6d@rakuten.co.jp,Female,147.71.69.91,3868229248
231,Ruth Swynfen,rswynfen6e@dailymail.co.uk,Female,147.217.190.231,9280006762
232,Conant Feldbrin,cfeldbrin6f@quantcast.com,Male,18.33.14.201,9662114734
233,Honey Gulliford,hgulliford6g@marketwatch.com,Female,70.68.46.163,7059389733
234,Romola Samber,rsamber6h@cisco.com,Female,92.112.73.54,4204111750
235,Damien Cherm,dcherm6i@seesaa.net,Male,98.97.131.237,7919284317
236,Bamby Desouza,bdesouza6j@uiuc.edu,Female,201.198.245.175,8776610764
237,Chantal Avrahm,cavrahm6k@illinois.edu,Female,57.13.78.243,8766371767
238,Emogene Hartright,ehartright6l@washington.edu,Female,29.204.84.27,7915257048
239,Maximilianus Pie,mpie6m@phoca.cz,Male,73.228.221.108,2387670655
240,Kelcey Richold,krichold6n@indiatimes.com,Female,206.11.105.32,8634451232
241,Rabbi Wase,rwase6o@bbc.co.uk,Male,111.172.131.111,6121845937
242,Patrice Birkbeck,pbirkbeck6p@illinois.edu,Male,115.105.203.58,3931403521
243,Lana Mackro,lmackro6q@paypal.com,Female,208.136.33.136,4216733573
244,Ruperto Dunrige,rdunrige6r@goodreads.com,Male,193.149.102.77,6916614145
245,Randal Morphey,rmorphey6s@livejournal.com,Male,173.156.128.111,6255195597
246,Kahlil Mitchell,kmitchell6t@admin.ch,Male,235.106.181.74,1639463984
247,Bron Murray,bmurray6u@nasa.gov,Male,49.181.192.159,1113870761
248,Royal Harome,rharome6v@macromedia.com,Male,148.245.23.127,4935071095
249,Danice Caven,dcaven6w@dailymotion.com,Bigender,57.82.251.81,6470694209
250,Normand Keitley,nkeitley6x@t.co,Male,203.201.12.12,1468600281
251,Tanner Dennerly,tdennerly6y@cnn.com,Polygender,179.93.193.233,4188597925
252,Zorina Sherr,zsherr6z@nhs.uk,Female,102.231.142.118,2258727146
253,Dilan Pleat,dpleat70@hexun.com,Male,85.173.216.118,0141889675
254,Joaquin Edge,jedge71@forbes.com,Male,198.3.131.46,3052720570
255,Edvard Hufton,ehufton72@bandcamp.com,Male,46.141.44.216,4821671212
256,Nickie Pike,npike73@tmall.com,Male,171.8.212.77,4982922241
257,Raquela Ivanishev,rivanishev74@deliciousdays.com,Female,203.84.171.33,7848921743
258,Ximenez Pele,xpele75@cbslocal.com,Male,26.97.77.107,3790808350
259,Emelina Sell,esell76@alexa.com,Female,84.232.237.185,9473074646
260,Paulie Di Biaggi,pdi77@merriam-webster.com,Male,43.143.8.40,1200279417
261,Kayle Byfford,kbyfford78@lycos.com,Female,205.94.66.47,8798718703
262,Francoise Jann,fjann79@prweb.com,Female,236.26.105.0,4701541079
263,Adoree Jaffra,ajaffra7a@sciencedirect.com,Female,172.217.235.102,0085095508
264,Cathie Strutley,cstrutley7b@nih.gov,Female,29.248.65.196,7725554041
265,Danyette Carnegie,dcarnegie7c@lycos.com,Female,21.211.46.26,0273636219
266,Marc Battlestone,mbattlestone7d@dedecms.com,Male,95.78.53.67,6570587668
267,Tades Arnaudon,tarnaudon7e@sitemeter.com,Male,202.203.149.141,7145236273
268,Melania Chrestien,mchrestien7f@mysql.com,Female,214.144.35.60,5775591682
269,Rory Doogood,rdoogood7g@ebay.com,Male,208.78.63.109,3329561815
270,Allayne Hake,ahake7h@taobao.com,Male,119.183.24.73,8603856796
271,Madeline Marchington,mmarchington7i@networkadvertising.org,Female,172.145.106.102,4341191705
272,Scotty Grahl,sgrahl7j@aol.com,Male,236.227.66.186,9114643294
273,Timothea Patten,tpatten7k@cisco.com,Female,153.31.63.6,9576336473
274,Sheilah Towsie,stowsie7l@issuu.com,Female,111.33.88.177,7766009625
275,Alisander Broxis,abroxis7m@engadget.com,Male,184.237.93.194,4136760078
276,Maible Moggan,mmoggan7n@163.com,Female,125.168.235.241,3395673979
277,Wilek Newlands,wnewlands7o@angelfire.com,Polygender,215.126.153.250,6790583246
278,Irv Espinosa,iespinosa7p@tripadvisor.com,Male,88.60.17.49,4667044071
279,Magdaia Manach,mmanach7q@stumbleupon.com,Female,54.189.29.217,0809699974
280,Erinn Ledgard,eledgard7r@wordpress.org,Female,202.201.118.154,4293636153
281,Cordula Wapple,cwapple7s@acquirethisname.com,Female,241.194.109.57,0295249145
282,Celeste Ondracek,condracek7t@dmoz.org,Female,251.42.155.123,0927966603
283,Hollis Kamiyama,hkamiyama7u@tripod.com,Male,245.114.210.183,1570330743
284,Bing Goldie,bgoldie7v@etsy.com,Genderqueer,134.135.21.183,1852378352
285,Farand Gerckens,fgerckens7w@fc2.com,Female,138.236.33.77,0067554423
286,Kat Sheasby,ksheasby7x@mac.com,Female,221.124.132.116,3468463677
287,Bradford Waiton,bwaiton7y@seattletimes.com,Male,67.155.43.245,1346171505
288,Nicole Diego,ndiego7z@forbes.com,Female,196.4.36.207,1763126943
289,Arlie Hegdonne,ahegdonne80@biblegateway.com,Female,136.142.202.244,4655529466
290,Tadio Gate,tgate81@xinhuanet.com,Non-binary,235.207.234.23,2106091281
291,Alis Jiruca,ajiruca82@aol.com,Female,255.46.149.40,6085520255
292,Siward Checcucci,scheccucci83@phpbb.com,Male,1.239.177.50,5925843614
293,Carolin Pittendreigh,cpittendreigh84@miitbeian.gov.cn,Genderqueer,101.207.42.160,9949507006
294,Rorke Yvon,ryvon85@wunderground.com,Male,170.60.30.236,3556858746
295,Clarice Reidshaw,creidshaw86@sciencedaily.com,Female,82.95.116.125,7374512953
296,Augustina Vahey,avahey87@domainmarket.com,Female,255.205.119.255,6045997441
297,Shannan Woodrough,swoodrough88@trellian.com,Polygender,96.117.195.225,2306720622
298,Christy Symcox,csymcox89@bbb.org,Male,67.75.77.211,3617505198
299,Barny Abramowsky,babramowsky8a@google.com.br,Male,175.61.55.213,4349718869
300,Helaina Mc Caughan,hmc8b@digg.com,Female,23.113.96.1,8160476175
301,Cassie Gingedale,cgingedale8c@spotify.com,Male,38.232.158.77,0132006898
302,Maura Brodley,mbrodley8d@live.com,Agender,105.70.155.24,6931647253
303,Ulick Decker,udecker8e@fastcompany.com,Male,180.104.53.253,9764813992
304,Dorothy Gelsthorpe,dgelsthorpe8f@live.com,Non-binary,12.15.164.164,5350910868
305,Genevra Orman,gorman8g@networksolutions.com,Female,68.67.12.69,5821035767
306,Bernete Kinsett,bkinsett8h@senate.gov,Female,52.59.46.185,8945875433
307,Leonerd Clutterham,lclutterham8i@timesonline.co.uk,Male,190.85.118.26,2552161022
308,Dagny Placstone,dplacstone8j@networkadvertising.org,Male,241.168.140.108,4527220829
309,Robinet Hassekl,rhassekl8k@sitemeter.com,Male,239.25.44.134,0084775971
310,Paco Dauby,pdauby8l@technorati.com,Male,197.65.84.168,9168477260
311,Solly Laurand,slaurand8m@wikipedia.org,Male,69.118.222.43,5106582407
312,Early Huntley,ehuntley8n@plala.or.jp,Male,120.116.146.128,0549552707
313,Tomlin Float,tfloat8o@msu.edu,Male,67.16.15.121,8172652526
314,Bria McKenzie,bmckenzie8p@paypal.com,Female,197.135.233.188,6784216423
315,Trstram Hubble,thubble8q@va.gov,Male,96.173.18.225,7490368901
316,Barri Eilert,beilert8r@newsvine.com,Male,53.24.140.242,1062514580
317,Florie Holleworth,fholleworth8s@myspace.com,Female,188.224.13.78,2096303311
318,Mellisent Franzini,mfranzini8t@apple.com,Female,209.64.97.11,7854886954
319,Celestine Rosenshine,crosenshine8u@adobe.com,Female,172.48.48.91,2075964440
320,Natassia Chirm,nchirm8v@earthlink.net,Female,206.34.65.139,2703112408
321,Lionello Redmell,lredmell8w@1688.com,Male,52.66.83.123,8176903256
322,Birgitta Gabbett,bgabbett8x@spiegel.de,Female,238.29.235.236,1118459059
323,Ernesta O'Downe,eodowne8y@prweb.com,Female,37.144.125.6,0642445265
324,Joshuah Hearne,jhearne8z@paginegialle.it,Male,95.151.47.22,2080256653
325,Dal Cuer,dcuer90@youtube.com,Male,151.251.244.167,6731923346
326,Fred Andretti,fandretti91@sphinn.com,Male,139.75.81.129,7801207017
327,Carmelita Crosscombe,ccrosscombe92@hc360.com,Female,5.4.218.185,3961059047
328,Daniella Gronous,dgronous93@phoca.cz,Female,117.89.216.100,7817741867
329,Harlen Smedmoor,hsmedmoor94@toplist.cz,Male,6.41.91.121,4388482390
330,Dewie Jennick,djennick95@google.com.br,Male,52.181.64.127,0023502908
331,Linn Ping,lping96@bloglovin.com,Male,84.98.83.157,1643506943
332,Raychel Latch,rlatch97@techcrunch.com,Female,131.212.21.177,7839828388
333,Cathee Bresnahan,cbresnahan98@tmall.com,Female,249.96.133.65,0024163287
334,Willi Varlow,wvarlow99@hibu.com,Male,24.164.251.125,0776626450
335,Care Pawlett,cpawlett9a@ifeng.com,Male,102.207.132.196,5323213116
336,Nonah Stainland,nstainland9b@ft.com,Female,41.153.74.61,5914331528
337,Oswell Quye,oquye9c@auda.org.au,Male,234.178.47.138,1667098330
338,Tina Ochterlony,tochterlony9d@yahoo.com,Female,29.41.75.29,5715133777
339,Michale Crannis,mcrannis9e@kickstarter.com,Male,180.142.10.160,3669855610
340,Claudia Penrose,cpenrose9f@over-blog.com,Female,42.173.0.241,5320439873
341,Felipe Elwyn,felwyn9g@bbb.org,Male,98.72.91.72,8821004864
342,Perice Brunel,pbrunel9h@vimeo.com,Male,131.79.38.195,8308052266
343,Analiese Brabant,abrabant9i@mapy.cz,Female,128.164.28.184,0296497673
344,Olly Drees,odrees9j@zimbio.com,Male,10.230.157.154,0843430648
345,Gordie Jerratsch,gjerratsch9k@tumblr.com,Male,223.45.238.83,0445132167
346,Lyn Abbate,labbate9l@unblog.fr,Female,109.71.96.218,8371113390
347,Dylan Readwin,dreadwin9m@cbc.ca,Male,65.212.244.166,6473405801
348,Richard Duran,rduran9n@si.edu,Male,220.92.193.22,5902411467
349,Barnard Towey,btowey9o@java.com,Male,253.125.20.128,3233385021
350,Hillel Jiruca,hjiruca9p@skyrock.com,Male,140.245.71.89,8783452109
351,Ray Camacho,rcamacho9q@cdbaby.com,Female,24.119.242.21,3223099883
352,Murdoch Sone,msone9r@mysql.com,Male,152.153.234.13,6640657473
353,Jammie Filler,jfiller9s@japanpost.jp,Female,141.228.169.231,7018527406
354,Rosalyn Di Napoli,rdi9t@skype.com,Female,31.13.123.7,6948654983
355,Lyn Cruikshanks,lcruikshanks9u@noaa.gov,Female,76.95.215.40,1233047256
356,Pate Guiver,pguiver9v@topsy.com,Male,226.102.48.222,0768157285
357,Waylen O' Mulderrig,wo9w@moonfruit.com,Male,169.94.214.75,1109404484
358,Bronnie Hamill,bhamill9x@webmd.com,Male,207.167.72.151,1958397199
359,Evelin Stuttman,estuttman9y@ucoz.com,Male,5.90.252.42,5184581995
360,Terra Sizzey,tsizzey9z@nhs.uk,Female,51.202.254.96,9442028758
361,Leoline Chaffe,lchaffea0@cnn.com,Female,134.95.151.119,7019264727
362,Leupold Coronas,lcoronasa1@bigcartel.com,Male,179.115.164.109,1147231168
363,Dasi Adcocks,dadcocksa2@theguardian.com,Female,160.125.18.181,4128359726
364,Karoline Ruzek,kruzeka3@canalblog.com,Female,74.231.78.175,4823025563
365,Nessa Ross,nrossa4@ovh.net,Female,201.66.204.9,8319733650
366,Olivie Trumper,otrumpera5@qq.com,Female,54.133.99.140,3835790595
367,Ethelda Clissell,eclissella6@digg.com,Female,39.180.209.83,7779559998
368,Leo Dods,ldodsa7@netlog.com,Male,6.212.159.192,4765088758
369,Ben Gianetti,bgianettia8@businesswire.com,Male,93.223.254.99,6259748663
370,Benoite Dorsett,bdorsetta9@histats.com,Female,105.190.65.135,6395676571
371,Karel Ferens,kferensaa@hao123.com,Female,149.55.152.25,7945284922
372,Quillan Woodvine,qwoodvineab@wsj.com,Male,101.117.192.148,6493155339
373,Siana McCrow,smccrowac@1688.com,Female,206.229.24.207,1905375360
374,Raffarty Buntain,rbuntainad@plala.or.jp,Male,225.1.136.180,0580685713
375,Piper Dimitrie,pdimitrieae@si.edu,Female,141.159.161.49,6577163251
376,Mommy Miskimmon,mmiskimmonaf@zimbio.com,Female,207.187.47.163,6144058044
377,Courtnay Vanderson,cvandersonag@godaddy.com,Genderfluid,43.212.240.209,6119853359
378,Valentine Amphlett,vamphlettah@netscape.com,Female,240.113.141.45,4496993082
379,Guillermo Tuminelli,gtuminelliai@ocn.ne.jp,Male,190.6.189.145,5851937688
380,Robin Kew,rkewaj@chron.com,Female,246.187.114.172,1274427703
381,Eamon Carlow,ecarlowak@craigslist.org,Genderqueer,218.219.54.199,1705895883
382,Arthur Klossmann,aklossmannal@arstechnica.com,Male,163.87.91.206,1253952043
383,Valdemar Spedroni,vspedroniam@cbc.ca,Male,32.232.227.133,8466158715
384,Essa Yankov,eyankovan@icq.com,Female,37.189.5.214,0325922934
385,Wini Gallahue,wgallahueao@shareasale.com,Female,252.14.114.60,5769359544
386,Lilith Cockhill,lcockhillap@twitter.com,Female,142.225.46.125,1039551149
387,Harcourt Neiland,hneilandaq@nifty.com,Male,79.123.185.146,7803218601
388,Royal Kinzel,rkinzelar@51.la,Male,242.154.133.96,2222956331
389,Artie Dahlback,adahlbackas@dmoz.org,Male,142.129.6.74,2841782476
390,Bancroft Cleeton,bcleetonat@spiegel.de,Male,137.65.210.81,7167644390
391,Tally Ivashev,tivashevau@naver.com,Bigender,190.96.72.18,2568879513
392,Wendel Raddish,wraddishav@kickstarter.com,Male,150.47.55.200,5555567596
393,Gizela Gaither,ggaitheraw@mapquest.com,Female,123.213.219.50,9771352571
394,Tiphany Hourihan,thourihanax@blogspot.com,Female,153.58.106.76,9926416314
395,Davie Sandom,dsandomay@altervista.org,Male,229.10.157.182,7004112977
396,Jose Stainland,jstainlandaz@ovh.net,Male,220.221.195.231,2449609148
397,Fernando Ysson,fyssonb0@biblegateway.com,Male,225.180.181.154,4961386677
398,Javier Ralph,jralphb1@newsvine.com,Male,230.177.143.123,7373847226
399,Kittie Simonite,ksimoniteb2@stumbleupon.com,Female,27.250.85.214,5949208064
400,Free Krolman,fkrolmanb3@wunderground.com,Non-binary,195.75.109.233,1555635288
401,Alaric Granham,agranhamb4@miitbeian.gov.cn,Male,182.165.50.35,8928384869
402,Marlena Cariss,mcarissb5@marriott.com,Female,31.1.50.234,7907778042
403,Matthiew Gateman,mgatemanb6@un.org,Male,244.254.68.58,2438506105
404,Andros Giannasi,agiannasib7@answers.com,Male,114.137.231.229,5290582312
405,Ambrosio Matyas,amatyasb8@lulu.com,Male,240.44.36.244,1534931937
406,Tracie Ruston,trustonb9@51.la,Male,188.19.170.68,2560894688
407,Bebe Benedek,bbenedekba@csmonitor.com,Non-binary,176.97.26.101,8369300995
408,Clerc McCullouch,cmccullouchbb@bbb.org,Male,143.220.73.16,7552423633
409,Niles Bony,nbonybc@xrea.com,Male,1.53.39.7,2849983365
410,Salome Erb,serbbd@columbia.edu,Female,75.221.42.44,8963349446
411,Lucio Craiker,lcraikerbe@rediff.com,Agender,234.174.179.232,0532175816
412,Daryn Zaczek,dzaczekbf@auda.org.au,Female,2.200.64.63,4559908877
413,Wynnie Ragat,wragatbg@google.ca,Female,17.174.119.6,2062015860
414,Gerti Foster,gfosterbh@t-online.de,Female,71.114.90.237,2019190060
415,Gawain Galliver,ggalliverbi@slate.com,Male,217.224.250.213,6971207599
416,Mac Bolding,mboldingbj@homestead.com,Male,42.81.209.175,4305024306
417,Eolanda Dorber,edorberbk@paginegialle.it,Female,63.108.135.3,9314470490
418,Sybila Zohrer,szohrerbl@bing.com,Genderqueer,34.144.181.34,1679928724
419,Hersch Bryde,hbrydebm@oaic.gov.au,Genderfluid,235.24.247.91,9556964800
420,Rennie Ferrone,rferronebn@yale.edu,Polygender,168.56.117.200,7619503595
421,Michele Crisell,mcrisellbo@digg.com,Male,93.98.160.19,8134958885
422,Imojean Chaffyn,ichaffynbp@cisco.com,Female,85.2.46.80,6787796412
423,Galina Gatsby,ggatsbybq@theglobeandmail.com,Female,130.215.38.216,1971387754
424,Lombard Garham,lgarhambr@marriott.com,Polygender,105.11.50.129,8286996844
425,Pace Fidell,pfidellbs@paginegialle.it,Male,74.141.185.204,2744329967
426,Consuelo Tenby,ctenbybt@oaic.gov.au,Female,230.149.10.244,3094423167
427,Kristal Fitzsimon,kfitzsimonbu@pbs.org,Female,74.123.230.66,1552073327
428,Ceciley Klimentyonok,cklimentyonokbv@netlog.com,Female,126.70.173.77,0337474761
429,Susette Waldram,swaldrambw@usgs.gov,Female,9.247.5.51,7191286393
430,Enrique Austwick,eaustwickbx@shop-pro.jp,Male,89.95.153.174,9820286964
431,Dina Thornhill,dthornhillby@elegantthemes.com,Female,7.154.230.48,7418621094
432,Alida Ziemke,aziemkebz@topsy.com,Female,59.187.71.76,5807495950
433,Tonnie Weblin,tweblinc0@kickstarter.com,Male,173.49.50.246,8111380267
434,Berty Low,blowc1@privacy.gov.au,Female,156.17.22.140,6845086699
435,Eleanor Dalyiel,edalyielc2@time.com,Female,240.231.107.231,5292861219
436,De Eberdt,deberdtc3@nytimes.com,Female,2.165.20.73,8876478809
437,Dorian Checo,dchecoc4@msn.com,Female,32.129.168.110,2062270909
438,Darren Howarth,dhowarthc5@indiegogo.com,Male,133.196.57.232,4188957247
439,Dorothy Grinyov,dgrinyovc6@paginegialle.it,Genderqueer,65.158.219.74,4777787206
440,Johannah Willan,jwillanc7@theguardian.com,Female,34.107.108.248,4015753313
441,Jemie Zamorrano,jzamorranoc8@symantec.com,Female,171.26.64.79,1444530526
442,Karon Caldes,kcaldesc9@github.io,Female,46.139.204.98,8518888220
443,Rubin Gosney,rgosneyca@deliciousdays.com,Agender,13.139.159.159,9304814286
444,Vivyanne Pickston,vpickstoncb@bizjournals.com,Genderqueer,45.93.17.109,4347256361
445,Bartholomeo Plain,bplaincc@paginegialle.it,Male,215.118.147.160,8396531919
446,Eberhard Gasken,egaskencd@rakuten.co.jp,Male,207.143.234.65,2137700433
447,Basilius Styan,bstyance@sfgate.com,Male,6.174.143.150,5631352532
448,Cash Andrioni,candrionicf@plala.or.jp,Male,212.179.245.211,2975192029
449,Bernadina Pibworth,bpibworthcg@blog.com,Female,65.225.135.196,8271525298
450,Brade Spinke,bspinkech@fastcompany.com,Male,35.8.79.159,8213405293
451,Janene Whalley,jwhalleyci@github.com,Female,190.60.223.36,0742880990
452,Bobbie Aizlewood,baizlewoodcj@blinklist.com,Female,147.109.141.18,0153187409
453,Alphonso Dimmer,adimmerck@mapquest.com,Male,168.230.129.96,9514769171
454,Joellyn Sammes,jsammescl@rambler.ru,Female,74.120.254.166,2216352322
455,Dianemarie Ready,dreadycm@ucsd.edu,Female,185.2.196.52,3145029215
456,Krystle Aleksandrov,kaleksandrovcn@ask.com,Female,53.176.194.5,6386698584
457,Sutherland Franceschelli,sfranceschellico@jigsy.com,Male,214.69.245.140,3504224002
458,Giustino Gillott,ggillottcp@blog.com,Male,255.87.119.57,1524095540
459,Zebulon Spores,zsporescq@google.com.hk,Male,97.77.242.26,8603741646
460,Giustino Osgardby,gosgardbycr@webeden.co.uk,Male,165.130.17.244,5800945845
461,Maridel Chatres,mchatrescs@macromedia.com,Genderqueer,252.44.235.237,5962696301
462,Gawen Ramsey,gramseyct@biblegateway.com,Male,2.121.240.170,0238697495
463,Dov Barkway,dbarkwaycu@vinaora.com,Male,31.36.206.86,1454238186
464,Oliver Crook,ocrookcv@domainmarket.com,Male,60.152.38.16,7757733391
465,Catie Ruppeli,cruppelicw@va.gov,Female,59.185.241.3,0557103355
466,Marina Campanelli,mcampanellicx@zdnet.com,Female,12.173.26.8,0715556533
467,Langston Houlahan,lhoulahancy@biblegateway.com,Male,161.25.46.58,1839447567
468,Viole Streight,vstreightcz@blogs.com,Female,134.30.148.21,2473603359
469,Kareem Jenicek,kjenicekd0@quantcast.com,Agender,243.228.18.153,8978169120
470,Minnie Stredwick,mstredwickd1@loc.gov,Female,85.230.60.43,5932594799
471,Corbie Bredgeland,cbredgelandd2@ox.ac.uk,Male,152.39.8.86,7677145019
472,Raleigh Gellion,rgelliond3@samsung.com,Male,6.121.144.96,8119229932
473,Enrico Hanby,ehanbyd4@harvard.edu,Genderfluid,106.233.244.146,8658649652
474,Jecho Wille,jwilled5@w3.org,Male,11.245.223.85,2062584377
475,Katrina Haller,khallerd6@infoseek.co.jp,Female,147.128.252.204,1789766079
476,Lowe Danbi,ldanbid7@webmd.com,Male,231.195.19.213,5245760509
477,Burlie Inkpin,binkpind8@infoseek.co.jp,Male,246.88.151.215,3647291595
478,Curtis Domenge,cdomenged9@imageshack.us,Male,21.105.246.164,5106607191
479,Barrett Costin,bcostinda@guardian.co.uk,Male,50.172.103.220,9398144921
480,Dennie Farrington,dfarringtondb@digg.com,Female,230.100.131.38,7351529965
481,Luella McCahey,lmccaheydc@cloudflare.com,Female,231.100.109.49,9298827504
482,Grant Rickson,gricksondd@angelfire.com,Male,193.76.95.124,2697980342
483,Guntar Mintrim,gmintrimde@wordpress.com,Male,70.198.125.57,7661311410
484,Amble Stickells,astickellsdf@spotify.com,Male,218.199.241.107,0496207059
485,Cynde Cowlishaw,ccowlishawdg@taobao.com,Female,178.202.96.29,7563519327
486,Basil Dandison,bdandisondh@smh.com.au,Male,242.0.82.145,9762541308
487,Riki Goulbourn,rgoulbourndi@webs.com,Female,252.6.47.7,2460383630
488,Nicolina Connow,nconnowdj@jalbum.net,Female,146.250.82.39,4579359402
489,Boris Pughsley,bpughsleydk@amazonaws.com,Male,73.21.193.237,4508325378
490,Emily McGinney,emcginneydl@over-blog.com,Female,53.53.122.43,0034494219
491,Karlotte Storch,kstorchdm@examiner.com,Female,112.231.120.53,5756778047
492,Bernardo Fitton,bfittondn@desdev.cn,Male,84.137.242.108,7876519520
493,Janene Whitecross,jwhitecrossdo@github.io,Female,110.207.205.70,2245159543
494,Elsie Kimpton,ekimptondp@artisteer.com,Female,228.169.106.29,1015420206
495,Adler Baskwell,abaskwelldq@youtu.be,Male,30.109.163.52,4976787958
496,Ardisj Sloegrave,asloegravedr@netlog.com,Female,242.234.193.239,1002443636
497,Mauricio Sorby,msorbyds@dmoz.org,Male,148.254.78.54,1987765613
498,Dionne Ebden,debdendt@mit.edu,Female,187.200.5.136,5163843583
499,Antonie Pottinger,apottingerdu@de.vu,Female,34.166.184.190,8286314972
500,Leonardo Wallach,lwallachdv@wikia.com,Male,73.106.254.234,4477984626
501,Verene Smaling,vsmalingdw@networksolutions.com,Female,23.125.86.190,4660632342
502,Wang Mitchinson,wmitchinsondx@webs.com,Bigender,169.35.9.75,3951623586
503,Flossie Farden,ffardendy@nih.gov,Female,99.50.227.52,7699115678
504,Jackqueline Meadows,jmeadowsdz@prlog.org,Agender,2.9.103.110,7295663274
505,Ethan Brogan,ebrogane0@msu.edu,Male,104.144.21.71,0430479654
506,Patsy Rouse,prousee1@tumblr.com,Agender,111.65.38.200,3790685798
507,Mark Gleadle,mgleadlee2@deviantart.com,Male,157.28.231.54,2093909650
508,Rosalie Tring,rtringe3@dot.gov,Agender,210.207.125.183,9424796331
509,Osbourn Shacklady,oshackladye4@youtu.be,Non-binary,35.57.164.178,1259241505
510,Dorri Cussons,dcussonse5@sogou.com,Female,47.34.104.67,2618225953
511,Kennie Kaley,kkaleye6@t-online.de,Genderqueer,155.144.100.116,5770262869
512,Ashley Cutmare,acutmaree7@noaa.gov,Male,198.66.242.111,4651559018
513,Thor Elles,tellese8@merriam-webster.com,Male,21.100.248.72,5945866210
514,Rana Loftin,rloftine9@studiopress.com,Female,73.17.49.203,2266374109
515,Joelie Gheorghescu,jgheorghescuea@opensource.org,Female,229.14.54.121,9895668511
516,Jourdain Furzer,jfurzereb@biglobe.ne.jp,Male,93.134.161.111,6398645111
517,Phil Opdenorth,popdenorthec@psu.edu,Female,158.50.115.158,8292409017
518,Urbano Rishworth,urishworthed@sbwire.com,Male,240.57.102.119,0416154441
519,Yevette Rawls,yrawlsee@shinystat.com,Female,123.136.178.83,7213265474
520,Delmar Daymont,ddaymontef@illinois.edu,Male,139.4.123.189,3033017436
521,Clayborne Riehm,criehmeg@archive.org,Male,182.159.107.105,3315016356
522,Chiquia Amies,camieseh@samsung.com,Female,201.241.170.184,9463560734
523,Ardelis Lent,alentei@xrea.com,Genderfluid,143.1.196.100,0386855803
524,Hesther Hargrove,hhargroveej@reddit.com,Female,7.214.119.221,6717632100
525,Marlena Bickley,mbickleyek@adobe.com,Female,93.177.159.12,3721453115
526,Lazaro Hoofe,lhoofeel@cnbc.com,Male,101.88.10.165,3059629986
527,Gunilla Tweed,gtweedem@4shared.com,Female,130.217.62.2,2585129799
528,Dar Ivchenko,divchenkoen@aol.com,Male,86.228.235.217,5866393425
529,Leonerd Dear,ldeareo@biglobe.ne.jp,Male,239.19.179.75,3416463501
530,Morse Hanse,mhanseep@oakley.com,Male,187.114.63.170,9157192758
531,Sherwood Village,svillageeq@surveymonkey.com,Male,233.150.113.146,7219423330
532,Alfie Fauguel,afaugueler@wisc.edu,Male,79.168.244.50,1611654157
533,Lynnea Hannant,lhannantes@discovery.com,Female,95.214.41.183,4844677772
534,Winfred Gantzman,wgantzmanet@topsy.com,Male,199.216.5.63,2229407791
535,Darby Spendley,dspendleyeu@hexun.com,Male,57.204.241.48,5400389112
536,Aubrey Crookshank,acrookshankev@earthlink.net,Male,208.131.154.133,6282503000
537,Jennilee Bew,jbewew@webeden.co.uk,Female,57.222.44.248,8036663813
538,Kelcey Aronstam,karonstamex@bizjournals.com,Non-binary,94.128.69.101,5550049503
539,Dotti Orring,dorringey@github.com,Female,126.170.116.175,8276947034
540,Jorge Petrushkevich,jpetrushkevichez@last.fm,Male,143.185.150.122,2088738983
541,Rosalia Fettiplace,rfettiplacef0@washington.edu,Female,64.147.168.136,5623723071
542,Hanny Windeatt,hwindeattf1@va.gov,Female,113.38.121.145,4789290034
543,Adelind Bramley,abramleyf2@usatoday.com,Female,40.144.24.216,2243441047
544,Harmon Pipet,hpipetf3@bandcamp.com,Male,227.137.164.162,9779495576
545,Siward Mincini,smincinif4@hugedomains.com,Male,228.93.14.31,7797216428
546,Manon Jannasch,mjannaschf5@desdev.cn,Female,200.231.146.239,3903086509
547,Flo Nutton,fnuttonf6@alexa.com,Female,5.80.95.61,8595344272
548,Edi Reavey,ereaveyf7@instagram.com,Female,102.26.193.25,0282027122
549,Homerus Dwelley,hdwelleyf8@irs.gov,Male,139.121.141.82,2047961564
550,Chrissie Longhurst,clonghurstf9@nasa.gov,Female,84.194.244.27,1778955207
551,Tabbatha Minillo,tminillofa@ftc.gov,Female,95.120.33.206,4666149228
552,Shaw Brand-Hardy,sbrandhardyfb@plala.or.jp,Male,198.148.214.32,8960929808
553,Mavra Joriot,mjoriotfc@jugem.jp,Female,90.64.190.112,9290972173
554,Theobald Kirwan,tkirwanfd@google.ca,Male,242.104.224.179,8309545037
555,Maurene Oxnam,moxnamfe@t-online.de,Female,39.232.243.145,3380431540
556,Garwood Bauldry,gbauldryff@naver.com,Male,233.35.242.4,4329299208
557,Raine Segge,rseggefg@lulu.com,Female,173.234.61.137,4508052606
558,Hillel Brewers,hbrewersfh@un.org,Male,184.161.66.145,4351904518
559,Berti Clinkard,bclinkardfi@imageshack.us,Male,110.164.91.201,2435863241
560,Filia Trew,ftrewfj@a8.net,Female,42.138.142.49,5631920956
561,Ian Hempshall,ihempshallfk@issuu.com,Male,69.16.196.6,8080797900
562,Yvon Minot,yminotfl@cyberchimps.com,Male,102.30.192.28,7171201287
563,Rickey Walewicz,rwalewiczfm@apache.org,Male,67.0.25.145,7092234387
564,Nissie Luno,nlunofn@t.co,Female,138.61.176.204,2820943756
565,Aylmar Guyers,aguyersfo@mac.com,Male,136.243.2.173,0521677580
566,Jamaal Jaye,jjayefp@delicious.com,Male,171.179.179.126,2627839071
567,Flint Skelbeck,fskelbeckfq@vimeo.com,Male,162.247.253.49,6830865131
568,Frazier Sexten,fsextenfr@dagondesign.com,Male,225.132.133.248,8429472398
569,Sal Savage,ssavagefs@list-manage.com,Male,3.134.194.235,0414231139
570,Boone Tripett,btripettft@independent.co.uk,Agender,0.20.136.49,5179655870
571,Seana Marti,smartifu@oakley.com,Female,143.22.169.145,6052586133
572,Birgitta Sarfatti,bsarfattifv@ca.gov,Female,212.127.0.214,5342268052
573,Conny Deedes,cdeedesfw@vkontakte.ru,Genderqueer,190.109.15.143,5815296937
574,Merla Dossettor,mdossettorfx@blogtalkradio.com,Female,66.161.142.248,9764992293
575,Rachele Sommerling,rsommerlingfy@ftc.gov,Female,70.247.134.146,3993981413
576,Danell Laweles,dlawelesfz@ifeng.com,Genderfluid,233.120.215.81,6722595676
577,Cherie Wilkisson,cwilkissong0@goo.gl,Female,194.34.204.86,6111742795
578,Cyrus Snedden,csneddeng1@zdnet.com,Agender,186.40.100.128,1668999285
579,Norry Brannon,nbrannong2@tmall.com,Female,152.204.96.93,5721317515
580,Ailey McCaskill,amccaskillg3@elpais.com,Female,160.3.30.76,7754447320
581,Melina Sabatini,msabatinig4@businesswire.com,Female,168.109.214.113,7453475988
582,Anna-diane Hirschmann,ahirschmanng5@bing.com,Female,173.168.206.25,0979440459
583,Raven Jamison,rjamisong6@pbs.org,Female,249.158.245.112,6008513614
584,Jordain Pexton,jpextong7@1und1.de,Female,200.38.243.184,0044723490
585,Randy Brash,rbrashg8@wufoo.com,Male,93.248.193.2,7954240150
586,Enid De Carlo,edeg9@yellowbook.com,Female,178.49.159.235,9032431609
587,Jarib Farre,jfarrega@dagondesign.com,Male,131.20.149.18,9720101180
588,Meredithe Cranmer,mcranmergb@cbc.ca,Female,144.252.122.155,5674699852
589,Dietrich Rabl,drablgc@diigo.com,Male,97.164.7.32,8714071681
590,Ban Dabes,bdabesgd@redcross.org,Bigender,63.69.178.150,9984276406
591,Seward Segge,sseggege@mac.com,Male,247.68.60.231,9222831284
592,Genia Rudgerd,grudgerdgf@mapquest.com,Non-binary,24.243.74.221,4010273933
593,Corbin Klulik,cklulikgg@jimdo.com,Male,178.233.138.62,7841523769
594,Holly Haggata,hhaggatagh@mozilla.org,Male,173.34.152.12,3215915928
595,Skell Trounce,strouncegi@icq.com,Male,184.46.147.38,7436501569
596,Kelcy McGriffin,kmcgriffingj@deliciousdays.com,Female,219.74.130.70,7818508287
597,Gilly Wallsworth,gwallsworthgk@ycombinator.com,Female,63.39.220.187,7098189502
598,Kingsley Dumbellow,kdumbellowgl@wikispaces.com,Male,197.166.73.229,2311011952
599,Ruthi Dusting,rdustinggm@nsw.gov.au,Female,80.0.126.41,3281136966
600,Darby Quesne,dquesnegn@networkadvertising.org,Female,12.127.242.29,0761903321
601,Celina Paumier,cpaumiergo@hostgator.com,Female,195.159.149.21,0790154005
602,Lynn Iacovacci,liacovaccigp@usatoday.com,Female,238.240.200.236,7001866709
603,Inness Zwicker,izwickergq@amazon.co.uk,Male,252.52.164.220,3594862852
604,Gauthier Mioni,gmionigr@ucsd.edu,Male,68.179.35.119,6080901587
605,Dorette Lammerts,dlammertsgs@google.cn,Female,229.96.65.39,2392678421
606,Patrick Minty,pmintygt@noaa.gov,Male,243.24.38.34,1268479195
607,Em Benedidick,ebenedidickgu@nps.gov,Female,153.154.188.189,1613129025
608,Rhona Blabie,rblabiegv@pagesperso-orange.fr,Female,51.35.240.66,1171672721
609,Udale Kydde,ukyddegw@geocities.jp,Male,113.73.187.5,6014673881
610,Elmira Quenby,equenbygx@hp.com,Female,143.245.204.145,3956627229
611,Pauline Kingsman,pkingsmangy@bloomberg.com,Female,233.187.213.109,8669647729
612,Harlin Javes,hjavesgz@goo.ne.jp,Male,179.163.171.19,3842568215
613,Ali Ramshaw,aramshawh0@wordpress.com,Male,14.60.161.255,3482734933
614,Ora Dutteridge,odutteridgeh1@ca.gov,Female,171.42.52.28,4478507732
615,Avivah Clement,aclementh2@blogs.com,Female,94.33.118.127,2367129894
616,Shay O'Growgane,sogrowganeh3@sciencedaily.com,Female,80.151.110.208,5278518073
617,Cissiee Burdus,cburdush4@symantec.com,Female,169.94.99.119,1970743611
618,Trix Lacelett,tlaceletth5@freewebs.com,Female,85.238.158.1,9553665101
619,Asher Masdon,amasdonh6@macromedia.com,Male,233.188.6.102,3833499559
620,Krishnah Hexham,khexhamh7@cbc.ca,Male,149.17.100.31,6817882931
621,Jodi Rothwell,jrothwellh8@psu.edu,Agender,34.170.22.237,9483389151
622,Borg Thorby,bthorbyh9@businesswire.com,Male,111.181.194.241,5562129620
623,Stirling Tupman,stupmanha@timesonline.co.uk,Male,145.185.254.246,3664611527
624,Donna Santon,dsantonhb@apache.org,Female,111.64.150.156,5720494391
625,Delilah Lichtfoth,dlichtfothhc@eepurl.com,Female,243.131.182.188,2831230489
626,Mano O'Fallon,mofallonhd@zdnet.com,Male,64.37.80.171,2351488229
627,Libbey Etienne,letiennehe@washingtonpost.com,Female,48.79.3.188,9792256644
628,Shaine Sellar,ssellarhf@ning.com,Female,22.34.63.161,1211644189
629,Hayes Selbie,hselbiehg@bigcartel.com,Male,57.147.17.140,0385273304
630,Ashton McCarney,amccarneyhh@boston.com,Male,95.183.81.213,0497507617
631,Isidore Blampied,iblampiedhi@ustream.tv,Agender,92.233.56.162,2999002971
632,Miller Emmott,memmotthj@technorati.com,Male,89.223.125.146,0110671694
633,Tynan Da Costa,tdahk@com.com,Male,153.233.67.13,3807418504
634,Suzanne Ayliffe,sayliffehl@is.gd,Female,231.179.241.234,0047411422
635,Paolo Croneen,pcroneenhm@domainmarket.com,Male,107.58.223.170,4900232483
636,Vere Filppetti,vfilppettihn@bbc.co.uk,Female,121.137.223.32,9983682036
637,Vernon Cotherill,vcotherillho@comcast.net,Male,32.91.8.140,6605364147
638,Faye Burne,fburnehp@psu.edu,Female,247.148.227.20,1326944126
639,Inigo Kyteley,ikyteleyhq@washingtonpost.com,Genderqueer,247.188.241.193,1879549689
640,Dale Bougourd,dbougourdhr@1und1.de,Male,74.200.35.14,8072114239
641,Edna Densham,edenshamhs@hao123.com,Female,190.235.23.139,8862667442
642,Olivette Drewell,odrewellht@free.fr,Polygender,54.137.132.80,7875452414
643,Eliza McIlreavy,emcilreavyhu@tinypic.com,Female,242.200.128.188,4300890544
644,Ajay Whitehurst,awhitehursthv@wiley.com,Bigender,180.65.119.83,8432831522
645,Appolonia Woodman,awoodmanhw@storify.com,Female,60.64.129.198,2716684219
646,Garrick Macieja,gmaciejahx@ameblo.jp,Male,234.52.177.218,8301306211
647,Sibby Kays,skayshy@imageshack.us,Female,178.117.244.112,2183584599
648,Ivy Bargery,ibargeryhz@dell.com,Female,143.122.196.95,7651131967
649,Carla Mellor,cmellori0@unc.edu,Female,62.36.176.119,0172403324
650,Thekla Kalberer,tkalbereri1@symantec.com,Female,204.70.30.8,6267914887
651,Rorke Giacomello,rgiacomelloi2@odnoklassniki.ru,Male,170.209.179.133,0618613838
652,Bethany Flacke,bflackei3@netlog.com,Female,85.210.249.205,1760136239
653,Willi Disman,wdismani4@reverbnation.com,Female,41.118.221.148,8716217705
654,Ignaz Slyford,islyfordi5@plala.or.jp,Male,221.74.156.117,3931722198
655,Alford Leeke,aleekei6@webeden.co.uk,Male,189.133.138.149,8694241129
656,Vanya Scrafton,vscraftoni7@geocities.jp,Female,80.229.7.230,1090248059
657,Shermy Avann,savanni8@sfgate.com,Male,108.134.88.128,7978628620
658,Talya Owttrim,towttrimi9@discuz.net,Female,206.14.143.156,7670292342
659,Bea Halle,bhalleia@linkedin.com,Female,29.85.253.41,2794508423
660,Manon Kordes,mkordesib@google.pl,Female,26.46.240.183,2970223716
661,Sharai Axelby,saxelbyic@ehow.com,Female,183.2.156.38,1626295956
662,Evangelin Whieldon,ewhieldonid@sphinn.com,Polygender,55.79.31.63,3154324216
663,Kimmi Kayne,kkayneie@eventbrite.com,Female,113.27.66.117,6429499111
664,Janaye Pethick,jpethickif@symantec.com,Polygender,122.37.167.214,7343893556
665,Gun Brymham,gbrymhamig@bigcartel.com,Genderfluid,161.156.117.194,7529977806
666,Charmain Capin,ccapinih@arizona.edu,Female,154.220.186.105,1772942944
667,Fanchon Duetsche,fduetscheii@last.fm,Female,76.250.207.121,3196543498
668,Tuck Aucourte,taucourteij@scribd.com,Male,119.53.169.153,7770740223
669,Hagen Lyddiatt,hlyddiattik@mit.edu,Male,148.188.69.109,6982539970
670,Darryl Chasmoor,dchasmooril@unc.edu,Female,223.32.247.93,5963524598
671,Homere Kinneir,hkinneirim@hc360.com,Male,4.160.90.120,8500213477
672,Mathian Goaks,mgoaksin@odnoklassniki.ru,Male,253.220.115.254,6144464352
673,Maggie Castard,mcastardio@scribd.com,Female,212.11.52.174,2048579779
674,Guglielmo Dacre,gdacreip@wsj.com,Male,219.200.235.235,7239745252
675,Pippa Turfs,pturfsiq@networksolutions.com,Female,8.83.152.180,6418942507
676,Luci Sybe,lsybeir@kickstarter.com,Female,230.226.178.203,1824613946
677,Dorothy Monketon,dmonketonis@myspace.com,Female,236.137.9.238,4527602705
678,Blisse Barneveld,bbarneveldit@npr.org,Female,31.167.87.226,6464690213
679,Nerissa Fasson,nfassoniu@list-manage.com,Female,78.249.111.148,0076955540
680,Zia Craigmile,zcraigmileiv@imgur.com,Female,120.82.48.113,7511891659
681,Miguela Wellum,mwellumiw@cam.ac.uk,Female,6.237.247.10,5233821206
682,Lu Coltart,lcoltartix@gravatar.com,Female,63.198.159.160,5969837733
683,Myrle Begent,mbegentiy@alibaba.com,Female,51.231.176.217,6384218992
684,Jill Prine,jprineiz@foxnews.com,Female,204.239.20.48,3885771411
685,Tam Drinkhall,tdrinkhallj0@hexun.com,Male,255.15.9.122,2882408943
686,Hartwell Lilburne,hlilburnej1@php.net,Male,100.179.175.40,0883681994
687,Rolfe Abercromby,rabercrombyj2@google.pl,Male,57.39.172.219,5595515813
688,Malvina Meardon,mmeardonj3@so-net.ne.jp,Female,208.186.232.139,2061624286
689,Kerwinn Spyvye,kspyvyej4@goo.gl,Male,150.156.142.90,9190255038
690,Rodger Broz,rbrozj5@google.com.br,Male,222.179.34.56,6456209129
691,Tymothy Brason,tbrasonj6@fastcompany.com,Male,164.48.4.167,7761853533
692,Ardyth Bilsland,abilslandj7@toplist.cz,Female,83.94.254.167,7827213278
693,Roch Marte,rmartej8@drupal.org,Agender,73.219.49.59,6045421698
694,Laural Artingstall,lartingstallj9@bloglovin.com,Female,68.113.201.115,2259016243
695,Rabi Rigby,rrigbyja@go.com,Male,57.242.253.253,2048477305
696,Ashleigh Beed,abeedjb@wufoo.com,Female,135.209.175.233,1087792797
697,Garreth Tine,gtinejc@meetup.com,Male,151.93.217.71,5539745698
698,Jere Grunwald,jgrunwaldjd@gravatar.com,Female,150.9.217.244,1278033939
699,Vernon Restill,vrestillje@g.co,Male,6.233.234.12,1567950590
700,Rici Cacacie,rcacaciejf@cbsnews.com,Female,19.130.152.28,1072625768
701,Lamond Guisot,lguisotjg@sogou.com,Male,51.179.105.53,3450094467
702,Winn Fearenside,wfearensidejh@house.gov,Male,168.173.0.120,7978897087
703,Gannon Rheubottom,grheubottomji@washingtonpost.com,Bigender,190.128.194.145,3080354273
704,Arel Hurche,ahurchejj@miitbeian.gov.cn,Male,124.93.82.142,2602162248
705,Jakob Golds,jgoldsjk@sakura.ne.jp,Male,78.93.183.201,9621380413
706,Norbie Svanini,nsvaninijl@wordpress.com,Male,57.84.39.117,5882246954
707,Sybil Viegas,sviegasjm@unc.edu,Female,112.225.13.250,4564785842
708,Kenyon Kersley,kkersleyjn@about.me,Male,72.51.5.76,6740923396
709,Ralf Whittet,rwhittetjo@usgs.gov,Male,70.137.177.174,8635275764
710,Stefano Gittose,sgittosejp@blogger.com,Male,242.245.227.133,1503144097
711,Batsheva Gallandre,bgallandrejq@weather.com,Female,171.62.20.159,1727279786
712,Walther Dalglish,wdalglishjr@google.co.uk,Male,30.30.35.255,0070706611
713,Teddie Storror,tstorrorjs@parallels.com,Male,233.46.112.152,8009926973
714,Simonne Sinclar,ssinclarjt@gov.uk,Female,21.98.87.216,6649141798
715,Nate Lyddiard,nlyddiardju@github.io,Male,50.121.114.227,3366120711
716,Steffen Scarisbrick,sscarisbrickjv@adobe.com,Male,99.66.185.125,2881505295
717,Malachi Shellcross,mshellcrossjw@seattletimes.com,Male,100.234.158.180,6137517926
718,Farlie Gostling,fgostlingjx@google.com,Male,230.123.248.196,5033054252
719,Sibel Lung,slungjy@cbc.ca,Female,85.55.133.52,5001377285
720,Giustino Laidlow,glaidlowjz@free.fr,Male,216.133.183.69,5251871953
721,Joey Bresnahan,jbresnahank0@vimeo.com,Bigender,139.113.250.56,5822228909
722,Donnie Gateshill,dgateshillk1@oaic.gov.au,Male,228.254.6.86,7445684239
723,Itch Grigoroni,igrigoronik2@usa.gov,Polygender,176.8.62.115,8745977151
724,Morgan Ashurst,mashurstk3@ycombinator.com,Female,33.208.127.40,2431796221
725,Zebulon Manuaud,zmanuaudk4@mediafire.com,Polygender,52.6.92.11,5118865794
726,Jeane Woodgate,jwoodgatek5@jalbum.net,Female,181.26.60.40,7675888901
727,Devin Murrum,dmurrumk6@last.fm,Female,231.247.6.229,4598574356
728,Palm Corstorphine,pcorstorphinek7@princeton.edu,Male,57.212.182.149,9829855252
729,Ely Scarsbrook,escarsbrookk8@1und1.de,Polygender,1.37.254.1,0664059082
730,Smitty Lillyman,slillymank9@weibo.com,Male,217.224.102.59,6286841857
731,Eba Cordall,ecordallka@odnoklassniki.ru,Female,9.47.112.74,4433404462
732,Erroll Durrant,edurrantkb@aol.com,Male,185.146.118.63,8910281219
733,Brig Lainton,blaintonkc@naver.com,Male,179.235.119.142,4122469740
734,Elsy Croutear,ecroutearkd@tripod.com,Female,69.106.173.0,6012580207
735,Doyle Raoul,draoulke@toplist.cz,Male,203.225.42.125,5115568128
736,Cassie Lockhart,clockhartkf@spiegel.de,Female,23.81.2.236,2218674726
737,Daryle Brenstuhl,dbrenstuhlkg@ovh.net,Male,162.193.58.1,1259158543
738,Ruperta Druce,rdrucekh@surveymonkey.com,Female,245.69.22.81,0568790278
739,Francene Jentet,fjentetki@typepad.com,Female,171.53.185.167,1788288343
740,Elsy Jime,ejimekj@scientificamerican.com,Female,191.109.170.225,1957263997
741,Joete Marquez,jmarquezkk@chicagotribune.com,Female,123.82.20.206,6201104038
742,Willie Askin,waskinkl@theatlantic.com,Female,246.180.213.189,7189542906
743,Dorie Griffiths,dgriffithskm@goodreads.com,Female,82.207.70.86,9286792808
744,Chic Chillingworth,cchillingworthkn@hostgator.com,Male,24.105.193.15,6943388932
745,Filberto Morfell,fmorfellko@rediff.com,Male,132.92.180.182,8510287716
746,Eberto Espinoy,eespinoykp@pinterest.com,Male,178.241.60.135,5589694191
747,Skip MacCafferky,smaccafferkykq@harvard.edu,Male,227.221.194.103,4246818232
748,Thor Yarnell,tyarnellkr@twitpic.com,Male,172.120.134.152,5031760729
749,Sollie Duffield,sduffieldks@cnet.com,Male,106.249.38.215,8722653821
750,Angelique Burn,aburnkt@flavors.me,Female,213.221.223.92,1396026800
751,Hana Gumly,hgumlyku@ted.com,Female,10.45.191.110,4917830834
752,Esmeralda Stollwerck,estollwerckkv@marriott.com,Female,208.83.2.69,3078667553
753,Slade Artiss,sartisskw@globo.com,Male,199.139.239.167,4349080171
754,Cthrine Hardy-Piggin,chardypigginkx@hibu.com,Female,57.191.222.173,0645471070
755,Jodee Paddefield,jpaddefieldky@webnode.com,Female,59.83.203.114,0353321222
756,Lula Cleve,lclevekz@phoca.cz,Female,148.251.189.7,0534450180
757,De witt Polglaze,dwittl0@photobucket.com,Male,90.71.11.97,4101364389
758,Jules Seamon,jseamonl1@businessinsider.com,Male,8.239.166.201,2836011645
759,Levey Halwell,lhalwelll2@ftc.gov,Male,216.74.110.42,0932051499
760,Evvy Claige,eclaigel3@auda.org.au,Bigender,187.110.44.51,4024903977
761,Ward Cordon,wcordonl4@yahoo.co.jp,Male,218.200.32.166,9882100600
762,Chrystal Jaze,cjazel5@artisteer.com,Female,143.11.20.219,0304324914
763,Gale Crosham,gcroshaml6@merriam-webster.com,Female,91.102.30.38,5598868717
764,Caren Ricardon,cricardonl7@nps.gov,Female,66.0.14.236,2666492281
765,Marcile Etock,metockl8@arstechnica.com,Female,2.24.180.110,5250731341
766,Mathian Jorge,mjorgel9@nymag.com,Male,118.157.138.155,7108406519
767,Elly Atwater,eatwaterla@multiply.com,Female,83.29.91.234,4838162758
768,Rosco Tayspell,rtayspelllb@dailymotion.com,Male,36.2.59.153,3682838627
769,Sylvia Jeandon,sjeandonlc@dmoz.org,Female,5.37.179.223,4522674473
770,Gerry Hoodlass,ghoodlassld@go.com,Male,218.111.75.147,3116707502
771,Ezechiel Spragge,espraggele@cbsnews.com,Male,59.44.180.38,9870710468
772,Estrella Ferrey,eferreylf@mapquest.com,Genderfluid,232.215.229.106,5139890402
773,Celka Haslam,chaslamlg@ted.com,Female,175.190.44.167,5946649418
774,Ollie Kerner,okernerlh@list-manage.com,Male,225.129.227.62,2175804380
775,Issi Jerromes,ijerromesli@furl.net,Female,47.255.66.38,3010482930
776,Kathye McKimmie,kmckimmielj@diigo.com,Female,209.77.18.130,5079333979
777,Robinia Giovannazzi,rgiovannazzilk@pinterest.com,Female,116.42.11.146,2133229531
778,Adda Butler-Bowdon,abutlerbowdonll@pinterest.com,Female,244.239.93.200,0246574100
779,Gert Clews,gclewslm@facebook.com,Female,97.93.29.77,7931166329
780,Oralle Coatts,ocoattsln@friendfeed.com,Female,179.122.104.49,9598342077
781,Wait Emburey,wembureylo@wired.com,Male,107.196.9.115,1427074410
782,Zebadiah Ollerearnshaw,zollerearnshawlp@newyorker.com,Male,26.115.142.240,3151149154
783,Dana Livard,dlivardlq@forbes.com,Female,151.71.229.203,8155330818
784,Bogey Orneblow,borneblowlr@alexa.com,Male,96.231.42.177,5137923141
785,Ted Bugdale,tbugdalels@shop-pro.jp,Male,250.90.121.208,7686542459
786,Morna Switzer,mswitzerlt@freewebs.com,Female,253.134.66.133,1899836209
787,Hebert Edelheit,hedelheitlu@hao123.com,Male,192.34.50.90,7201613286
788,Mariska Maffini,mmaffinilv@smh.com.au,Female,68.60.43.90,1269294377
789,Emma Junkison,ejunkisonlw@wikispaces.com,Female,199.6.81.32,4850456111
790,Normie Pally,npallylx@mapy.cz,Male,111.201.118.203,7150973191
791,Hall Drohane,hdrohanely@paginegialle.it,Male,191.80.82.145,9921388614
792,Alley Ledster,aledsterlz@tuttocitta.it,Genderfluid,13.254.81.2,6251987065
793,Jordon Durante,jdurantem0@stumbleupon.com,Male,217.38.217.129,3089351021
794,Rebecca Millership,rmillershipm1@adobe.com,Female,232.220.25.233,1767290152
795,Darcy Gerger,dgergerm2@shinystat.com,Female,94.114.178.193,2435015879
796,Jessy MacGillivrie,jmacgillivriem3@house.gov,Female,48.180.58.81,3115935110
797,Tricia Bilbery,tbilberym4@cpanel.net,Female,12.122.171.165,6188787459
798,Genevieve Prandoni,gprandonim5@example.com,Female,26.70.242.236,6246834124
799,Devora St. Pierre,dstm6@so-net.ne.jp,Female,208.87.75.138,8298478681
800,Isador Franseco,ifransecom7@google.ca,Male,128.83.143.134,9289862637
801,Rolf Welberry,rwelberrym8@shop-pro.jp,Male,155.185.229.152,8388534009
802,Reine Gounard,rgounardm9@freewebs.com,Female,205.166.42.117,0933755430
803,Gweneth McDuff,gmcduffma@nifty.com,Female,183.157.36.213,3731642735
804,Cristie Pietruschka,cpietruschkamb@aol.com,Female,148.49.46.104,1565985524
805,Matias MacChaell,mmacchaellmc@tamu.edu,Male,209.96.191.52,5352544184
806,Amandi Sealeaf,asealeafmd@bing.com,Polygender,197.70.61.35,3524856292
807,Rutter McGrale,rmcgraleme@tinypic.com,Male,59.125.20.229,2164153944
808,Franz Child,fchildmf@shinystat.com,Male,222.157.214.26,4360954751
809,Ninette Beverage,nbeveragemg@nifty.com,Female,77.94.67.224,2476130079
810,Caryl Lucien,clucienmh@fc2.com,Male,71.184.221.196,4158475724
811,Julianne Timbrell,jtimbrellmi@t.co,Female,86.196.45.117,2518416595
812,Vale Pietrusiak,vpietrusiakmj@cnn.com,Female,136.21.231.223,8184549393
813,Agathe Sarchwell,asarchwellmk@mtv.com,Female,87.185.186.228,2907947621
814,Freddy Mapes,fmapesml@house.gov,Male,120.116.235.111,6115419336
815,Orion Radolf,oradolfmm@alibaba.com,Male,2.73.39.145,5660413102
816,Janella Asgodby,jasgodbymn@amazonaws.com,Female,14.101.116.145,2032774976
817,Grantham Loalday,gloaldaymo@artisteer.com,Male,172.119.31.25,3122181169
818,Damian Dorn,ddornmp@time.com,Male,134.10.176.37,9695060765
819,Dugald Mapples,dmapplesmq@mozilla.org,Male,28.160.226.185,0659620197
820,Millie Mc Gaughey,mmcmr@opera.com,Female,241.23.107.230,5999223148
821,Jeanne Corringham,jcorringhamms@youtu.be,Female,140.246.64.132,3493276613
822,Diahann Geroldo,dgeroldomt@europa.eu,Female,149.168.189.205,6346498258
823,Red Vesco,rvescomu@arizona.edu,Male,149.206.187.90,6116784135
824,Ted Apark,taparkmv@ucoz.com,Genderqueer,83.242.155.154,3872282069
825,Andrea Burless,aburlessmw@yahoo.co.jp,Genderqueer,247.254.101.202,1055927018
826,Mariel Corday,mcordaymx@cornell.edu,Female,232.16.78.10,9859116873
827,Laird Delue,ldeluemy@printfriendly.com,Male,109.174.251.132,0474729257
828,Leda Wimmers,lwimmersmz@cam.ac.uk,Female,67.57.231.238,5988475825
829,Windy Brumbye,wbrumbyen0@ucoz.com,Female,24.226.68.173,9937935237
830,Torrence Renackowna,trenackownan1@themeforest.net,Male,157.69.145.161,2843197627
831,Luelle Grestie,lgrestien2@amazon.de,Female,87.127.213.73,2185991183
832,Nico Billing,nbillingn3@geocities.jp,Male,28.6.44.127,1090410379
833,Winthrop Yarnley,wyarnleyn4@miitbeian.gov.cn,Male,54.119.128.246,0526235152
834,Roley Pallaske,rpallasken5@devhub.com,Male,188.234.69.11,1119597641
835,Lou Lavrick,llavrickn6@seesaa.net,Female,114.80.131.124,6527787057
836,Basile Champagne,bchampagnen7@clickbank.net,Male,9.101.89.97,3345266482
837,Yankee Cannings,ycanningsn8@umn.edu,Male,243.117.74.122,2937976387
838,Rasia Nolder,rnoldern9@japanpost.jp,Female,81.152.154.76,3091702324
839,Hillier Meconi,hmeconina@geocities.jp,Male,192.248.154.146,9112833738
840,Coletta Dugget,cduggetnb@altervista.org,Female,123.170.224.31,9755404554
841,Rick Shilstone,rshilstonenc@tamu.edu,Male,250.222.83.96,7510348897
842,Anna-diane Handrock,ahandrocknd@tmall.com,Female,81.94.150.189,1217845615
843,Gisele Barlass,gbarlassne@howstuffworks.com,Female,62.49.253.232,3627700104
844,Frederic Dunphy,fdunphynf@liveinternet.ru,Male,10.63.101.171,3718054086
845,Welch Hoyes,whoyesng@foxnews.com,Male,13.42.75.154,4214860365
846,Cristina Pinnick,cpinnicknh@flickr.com,Female,102.162.75.232,6866040450
847,Tedda Benyan,tbenyanni@merriam-webster.com,Female,169.208.17.153,7713840486
848,Inigo Woltman,iwoltmannj@nba.com,Male,156.217.200.253,5935920654
849,Keefer Andresser,kandressernk@csmonitor.com,Male,69.217.83.190,9224824099
850,Jayme Shewen,jshewennl@bloglovin.com,Male,192.1.246.242,1317267648
851,Bordy Gaw,bgawnm@about.me,Male,242.59.166.106,2623050791
852,Corrianne Burleton,cburletonnn@ox.ac.uk,Female,25.235.182.177,0689919557
853,Gerardo Muckloe,gmuckloeno@yellowpages.com,Male,188.147.144.143,5168140440
854,Wendall Sex,wsexnp@opensource.org,Male,218.152.146.169,8039331684
855,Cob Birtle,cbirtlenq@privacy.gov.au,Male,213.17.206.108,1688357920
856,Shadow Parkyn,sparkynnr@desdev.cn,Male,189.219.112.143,6389724349
857,Mallissa Sturdey,msturdeyns@google.com.br,Female,192.13.47.55,7595129966
858,Worden Vannozzii,wvannozziint@ebay.co.uk,Male,48.238.67.112,9910855577
859,Francisco Saggers,fsaggersnu@purevolume.com,Male,204.146.66.95,8219588896
860,Bear Manz,bmanznv@angelfire.com,Male,157.18.183.90,8395935749
861,Dalli Jewel,djewelnw@arstechnica.com,Male,20.238.119.150,7070943652
862,Bartholomew Harler,bharlernx@yale.edu,Male,204.212.60.186,9001464440
863,Jarrod Sandys,jsandysny@archive.org,Male,57.227.115.67,6725310923
864,Maria Lamberto,mlambertonz@goo.gl,Female,234.128.81.85,5398510274
865,Harriott Flaxon,hflaxono0@virginia.edu,Female,137.150.119.148,2492087689
866,Josephina Colledge,jcolledgeo1@latimes.com,Female,59.254.224.51,7409258225
867,Garrot Pedrozzi,gpedrozzio2@devhub.com,Male,213.211.7.184,0872821838
868,Dominga Coviello,dcovielloo3@addthis.com,Polygender,236.228.165.79,2342257759
869,Johann Menelaws,jmenelawso4@nhs.uk,Male,212.135.209.7,6662936359
870,Nat Beames,nbeameso5@virginia.edu,Male,61.101.230.178,2250632766
871,Graig Pawson,gpawsono6@wordpress.com,Male,58.1.95.20,6953208457
872,Tracie Danilyuk,tdanilyuko7@tripadvisor.com,Female,180.40.9.237,1680983881
873,Blinni Mankor,bmankoro8@gnu.org,Female,136.53.204.19,8842681911
874,Fredek Stockill,fstockillo9@vkontakte.ru,Male,120.53.32.186,4177422851
875,Berk Goss,bgossoa@1688.com,Male,178.122.0.5,2375026993
876,Rickert Skillanders,rskillandersob@google.ru,Genderqueer,167.211.247.50,6851061902
877,Leanna Bagge,lbaggeoc@hatena.ne.jp,Female,229.69.108.252,4167151553
878,Tandi Heindrich,theindrichod@reuters.com,Female,238.166.22.116,2583949314
879,Gay Kop,gkopoe@bravesites.com,Female,81.67.1.3,4399187891
880,Sissy Coulston,scoulstonof@abc.net.au,Female,15.52.83.21,1520330367
881,Jeannette Blundin,jblundinog@free.fr,Female,124.183.20.162,0382678117
882,Adela Rulf,arulfoh@mozilla.org,Female,14.72.8.11,9793442670
883,Brnaby McQuie,bmcquieoi@latimes.com,Male,139.233.223.88,0213833166
884,Manon Goshawke,mgoshawkeoj@artisteer.com,Female,145.254.223.140,3606513275
885,Della Ren,drenok@studiopress.com,Female,103.122.122.203,5715844401
886,Pamelina Rebichon,prebichonol@zimbio.com,Agender,234.210.153.199,8937852667
887,Nedda Brychan,nbrychanom@ezinearticles.com,Female,219.99.103.10,4091505058
888,Ladonna Cogdell,lcogdellon@youtu.be,Female,171.159.180.101,9979954574
889,Noel Nairn,nnairnoo@microsoft.com,Polygender,251.171.229.85,0628389841
890,Balduin Haquin,bhaquinop@reference.com,Male,9.238.112.230,3644464820
891,Vinny Oakshott,voakshottoq@paginegialle.it,Male,144.19.73.143,4002588467
892,Alma Foulcher,afoulcheror@networkadvertising.org,Female,48.155.117.58,9864475924
893,Ilaire Mereweather,imereweatheros@google.fr,Male,178.145.138.224,7203385558
894,Ric Rafferty,rraffertyot@tripod.com,Male,72.57.42.69,5868534298
895,Laurens Dorgon,ldorgonou@yahoo.com,Genderqueer,114.68.252.200,5888298239
896,Niles Freake,nfreakeov@github.com,Male,187.58.194.184,3644891729
897,Charin Neaves,cneavesow@chronoengine.com,Female,240.228.159.150,9804959852
898,Cody Linacre,clinacreox@yellowbook.com,Agender,24.72.193.93,2199222616
899,Lee McNeigh,lmcneighoy@psu.edu,Male,136.217.181.129,4046934514
900,Antony Joscelin,ajoscelinoz@hao123.com,Polygender,180.40.211.124,9587073231
901,Chrissie Dancy,cdancyp0@seattletimes.com,Female,233.207.109.59,7849249410
902,Jennie Sydes,jsydesp1@digg.com,Female,54.227.125.55,8217949360
903,Floris MacPaik,fmacpaikp2@nih.gov,Female,130.255.227.41,2913363334
904,Gustave Cordeiro,gcordeirop3@naver.com,Male,78.92.49.40,8736296945
905,Layne Mangham,lmanghamp4@gmpg.org,Female,1.137.98.42,7242023238
906,Stevie Arthurs,sarthursp5@drupal.org,Male,175.108.51.38,3762867216
907,Win Driver,wdriverp6@go.com,Male,20.102.252.109,6605812948
908,Kenneth Palombi,kpalombip7@businesswire.com,Male,18.73.99.175,1263708862
909,Giff Burndred,gburndredp8@chron.com,Male,212.91.105.231,9768760931
910,Gloriana Orro,gorrop9@google.nl,Female,79.158.93.57,1309821763
911,Rem Oiller,roillerpa@tamu.edu,Male,116.220.94.239,4036436139
912,Lenette Pritchard,lpritchardpb@cbslocal.com,Female,68.205.75.150,8623549899
913,Alejandra Spivie,aspiviepc@comsenz.com,Female,7.226.45.175,0355595060
914,Aigneis Hallihane,ahallihanepd@behance.net,Female,247.225.248.3,0778863549
915,Nicholas MacGarrity,nmacgarritype@last.fm,Male,161.83.62.186,0332600971
916,Vaughan Pauel,vpauelpf@theguardian.com,Male,67.168.196.45,7736910111
917,Nicki Steanson,nsteansonpg@wix.com,Polygender,239.177.196.88,1953696309
918,Suzanna Klampk,sklampkph@independent.co.uk,Female,226.40.98.107,6442735494
919,Alika Challinor,achallinorpi@mtv.com,Female,119.148.115.7,5350341650
920,Orel Heersma,oheersmapj@multiply.com,Female,217.138.3.102,0508311039
921,Annamarie Shulem,ashulempk@so-net.ne.jp,Female,136.237.190.176,0262265958
922,Riley Bulger,rbulgerpl@instagram.com,Male,103.161.234.193,2494775825
923,Alyssa Sally,asallypm@twitter.com,Female,197.50.63.93,4376169374
924,Antonio Dewi,adewipn@psu.edu,Male,196.152.59.193,1614202672
925,Damiano Poxton,dpoxtonpo@howstuffworks.com,Male,203.244.208.78,3497139157
926,Nobie Rapkins,nrapkinspp@cafepress.com,Male,255.147.162.81,6627749440
927,Wernher Coupe,wcoupepq@answers.com,Male,128.198.0.141,9600658285
928,Vittoria McGaughey,vmcgaugheypr@weebly.com,Female,135.143.115.146,5585733222
929,Orren Taaffe,otaaffeps@cbslocal.com,Male,241.168.0.59,8030471084
930,Trescha Mattersey,tmatterseypt@intel.com,Female,110.36.155.105,0998757276
931,Pier Corss,pcorsspu@dion.ne.jp,Female,173.142.149.102,3763721010
932,Deedee Cursons,dcursonspv@google.es,Female,68.22.32.236,8904728894
933,Nerissa Osborn,nosbornpw@technorati.com,Female,240.230.69.206,7413877732
934,Cathy Hairon,chaironpx@dailymail.co.uk,Female,132.111.226.135,9325924641
935,Alix Drinkwater,adrinkwaterpy@weebly.com,Female,205.120.170.24,7782255287
936,Delores Tranfield,dtranfieldpz@loc.gov,Female,43.122.49.45,9021300087
937,Nikolas Mugridge,nmugridgeq0@dmoz.org,Male,180.147.247.166,4813017290
938,Patty Duval,pduvalq1@infoseek.co.jp,Agender,114.41.12.180,7530153897
939,Maddie Corlett,mcorlettq2@indiegogo.com,Polygender,135.229.231.172,7641358799
940,Joe Sedgman,jsedgmanq3@deviantart.com,Male,16.139.214.67,8015056101
941,Zacharia Albro,zalbroq4@ftc.gov,Male,181.68.1.52,2602493694
942,Daniel Basilone,dbasiloneq5@google.com.hk,Male,231.71.179.85,6350118227
943,Carly Vant,cvantq6@cmu.edu,Female,170.27.7.78,4785273976
944,Christian Yearby,cyearbyq7@mac.com,Male,171.111.136.157,8975300978
945,Berk Treece,btreeceq8@mapy.cz,Male,35.121.190.125,7619962999
946,Herrick Lots,hlotsq9@intel.com,Male,218.124.193.241,1070624381
947,Alix Trencher,atrencherqa@google.com.au,Female,228.244.117.150,0915513951
948,Scotti Goodwyn,sgoodwynqb@usatoday.com,Male,146.201.125.86,4330185172
949,Dulcea Casero,dcaseroqc@digg.com,Female,190.122.119.221,8871853911
950,Levon Adolfsen,ladolfsenqd@nydailynews.com,Male,237.76.250.247,9753110626
951,Bidget Dearnley,bdearnleyqe@senate.gov,Female,24.108.203.28,4925332449
952,Douglass Priscott,dpriscottqf@nifty.com,Male,174.96.98.162,9647018576
953,Madonna Aspell,maspellqg@rambler.ru,Female,14.77.92.92,6262032061
954,Stephine Shefton,ssheftonqh@virginia.edu,Female,254.187.182.217,2732681105
955,Breena Taunton.,btauntonqi@hostgator.com,Female,139.237.247.14,9349811979
956,Jarrid Petrusch,jpetruschqj@wikipedia.org,Male,238.106.92.108,8796096713
957,Paten Regardsoe,pregardsoeqk@whitehouse.gov,Male,255.109.34.195,6480724798
958,Ernestine Oolahan,eoolahanql@tripadvisor.com,Female,104.192.58.15,5128387852
959,Claudell Byway,cbywayqm@vk.com,Male,216.97.184.125,3107220205
960,Garry McCarl,gmccarlqn@addtoany.com,Male,181.241.26.247,1368942024
961,Courtney Downham,cdownhamqo@bravesites.com,Female,38.195.6.168,1800689373
962,Trixy Scotson,tscotsonqp@noaa.gov,Female,48.12.55.207,6264629944
963,Sabrina McArley,smcarleyqq@linkedin.com,Female,120.139.137.95,4686723191
964,Rebekah Forker,rforkerqr@woothemes.com,Female,113.140.63.226,9988151306
965,Krissie Esslement,kesslementqs@4shared.com,Female,68.128.173.1,8633460009
966,Diannne Klishin,dklishinqt@dot.gov,Female,58.162.131.88,5758364371
967,Waylon Crebo,wcreboqu@desdev.cn,Male,119.39.70.48,7588153857
968,Sal Rudyard,srudyardqv@icq.com,Male,187.242.176.26,6490628236
969,Ryann Simonich,rsimonichqw@forbes.com,Female,27.11.129.112,0517648946
970,Jan Cottem,jcottemqx@npr.org,Polygender,18.32.253.93,0603763863
971,Benito Kenney,bkenneyqy@nbcnews.com,Male,24.122.2.236,8742899788
972,Malinda Stannas,mstannasqz@netlog.com,Female,228.156.145.5,0489660320
973,Ophelia Delucia,odeluciar0@china.com.cn,Female,24.57.242.84,4611220672
974,Adelbert Jeffree,ajeffreer1@harvard.edu,Male,104.245.26.76,6957005933
975,Thatcher McKeller,tmckellerr2@aboutads.info,Non-binary,199.145.89.87,6237135286
976,Roma Blakelock,rblakelockr3@vinaora.com,Male,245.195.226.161,7551535047
977,Jonah Petworth,jpetworthr4@cpanel.net,Male,198.83.12.102,1048846075
978,Dario Aulds,dauldsr5@wunderground.com,Polygender,65.200.34.114,7260675160
979,Dulcinea Soreau,dsoreaur6@sciencedaily.com,Female,151.129.97.95,1696489881
980,Fredrick Currell,fcurrellr7@prnewswire.com,Genderfluid,135.137.211.233,3182962396
981,Homere Mulrenan,hmulrenanr8@goo.ne.jp,Male,101.245.216.62,9095112357
982,Tomasine Awin,tawinr9@taobao.com,Female,170.150.137.205,0751428833
983,Tabbitha Grabeham,tgrabehamra@dagondesign.com,Female,226.24.33.70,1637132174
984,Joey Josilevich,jjosilevichrb@topsy.com,Genderqueer,105.151.117.39,3701678634
985,Alasteir Flintoffe,aflintofferc@bluehost.com,Male,188.117.209.186,8380629493
986,Janifer MacTurlough,jmacturloughrd@bloglines.com,Female,52.16.245.96,0964424681
987,Frederico Hellier,fhellierre@jugem.jp,Male,102.74.208.237,7371083806
988,Haslett Cowdrey,hcowdreyrf@tinyurl.com,Male,241.18.58.87,6067342677
989,Carl Wasselin,cwasselinrg@netvibes.com,Male,235.228.227.244,7506128373
990,Kennedy Harmstone,kharmstonerh@illinois.edu,Male,83.17.69.22,9176057674
991,Ryley MacCahey,rmaccaheyri@ucsd.edu,Male,88.110.7.231,8820945223
992,Moore Parsisson,mparsissonrj@statcounter.com,Male,214.73.237.172,8188803111
993,Darcey Gosforth,dgosforthrk@oakley.com,Female,134.191.78.238,5900119475
994,Leonidas Bothams,lbothamsrl@harvard.edu,Male,127.91.195.44,7319132389
995,Veronica Veall,vveallrm@imageshack.us,Genderqueer,82.176.240.50,8814992495
996,Creight Sail,csailrn@ehow.com,Male,66.251.135.21,6378571902
997,Seumas Mico,smicoro@adobe.com,Male,195.138.233.228,7119800191
998,Thornie Nickless,tnicklessrp@tamu.edu,Male,78.172.15.216,8094260416
999,Roland Briamo,rbriamorq@digg.com,Male,147.87.153.105,8224125874
1000,Axe Pleager,apleagerrr@rakuten.co.jp,Male,72.157.179.162,9275960674
